agency_id,agency_name_as_displayed,observation_fy,scorecard_fy,sdvosb_prime_achievement_pct,sdvosb_prime_goal_pct,sdvosb_prime_dollars_millions,source_url,retrieved_date,notes
USAID,Agency for International Development,2020,,,,,,,
USAID,Agency for International Development,2021,,,,,,,
USAID,Agency for International Development,2022,,,,,,,
USAID,Agency for International Development,2023,,,,,,,
USAID,Agency for International Development,2024,,,,,,,
USAID,Agency for International Development,2025,,,,,,,
USDA,Department of Agriculture,2020,,,,,,,
USDA,Department of Agriculture,2021,,,,,,,
USDA,Department of Agriculture,2022,,,,,,,
USDA,Department of Agriculture,2023,,,,,,,
USDA,Department of Agriculture,2024,,,,,,,
USDA,Department of Agriculture,2025,,,,,,,
DOC,Department of Commerce,2020,,,,,,,
DOC,Department of Commerce,2021,,,,,,,
DOC,Department of Commerce,2022,,,,,,,
DOC,Department of Commerce,2023,,,,,,,
DOC,Department of Commerce,2024,,,,,,,
DOC,Department of Commerce,2025,,,,,,,
ED,Department of Education,2020,,,,,,,
ED,Department of Education,2021,,,,,,,
ED,Department of Education,2022,,,,,,,
ED,Department of Education,2023,,,,,,,
ED,Department of Education,2024,,,,,,,
ED,Department of Education,2025,,,,,,,
DOE,Department of Energy,2020,2021,1.21,,,https://www.sba.gov/certifications/scorecard-details/?agency=DOE&scorecard_year=2021,2026-09-27,From FY2021 scorecard prior-year column; goal not shown on that page
DOE,Department of Energy,2021,2021,1.69,3.00,645.8,https://www.sba.gov/certifications/scorecard-details/?agency=DOE&scorecard_year=2021,2026-09-27,"Scorecard footnote: includes DOE M&O first-tier subcontracts; double credit for local-area set-asides, Puerto Rico, territories"
DOE,Department of Energy,2022,2022,1.99,3.00,816.6,https://www.sba.gov/certifications/scorecard-details/?agency=DOE&scorecard_year=2022,2026-09-27,"Scorecard footnote: includes DOE M&O first-tier subcontracts; double credit for local-area set-asides, Puerto Rico, territories"
DOE,Department of Energy,2023,2023,2.42,3.00,1100,https://www.sba.gov/certifications/scorecard-details/?agency=DOE&scorecard_year=2023,2026-09-27,"Scorecard footnote: includes DOE M&O first-tier subcontracts; double credit for local-area set-asides, Puerto Rico, territories; dollars shown as $1.1B (rounded)"
DOE,Department of Energy,2024,2024,2.3,5.0,1000,https://www.sba.gov/certifications/scorecard-details/?agency=DOE&scorecard_year=2024,2026-09-27,Scorecard footnote: double credit for local-area set-asides; GSA CPP spending. M&O subcontract language not shown in this year's footnote; displayed as 2.3% (2.30% on FY2025 page); dollars $1.0B rounded
DOE,Department of Energy,2025,2025,2.36,5.00,1100,https://www.sba.gov/certifications/scorecard-details/?agency=DOE&scorecard_year=2025,2026-09-27,Scorecard footnote: double credit for local-area set-asides; GSA CPP spending. M&O subcontract language not shown in this year's footnote; dollars $1.1B rounded
HHS,Department of Health and Human Services,2020,,,,,,,
HHS,Department of Health and Human Services,2021,,,,,,,
HHS,Department of Health and Human Services,2022,,,,,,,
HHS,Department of Health and Human Services,2023,,,,,,,
HHS,Department of Health and Human Services,2024,,,,,,,
HHS,Department of Health and Human Services,2025,,,,,,,
DHS,Department of Homeland Security,2020,,,,,,,
DHS,Department of Homeland Security,2021,,,,,,,
DHS,Department of Homeland Security,2022,,,,,,,
DHS,Department of Homeland Security,2023,,,,,,,
DHS,Department of Homeland Security,2024,,,,,,,
DHS,Department of Homeland Security,2025,,,,,,,
HUD,Department of Housing and Urban Development,2020,,,,,,,
HUD,Department of Housing and Urban Development,2021,,,,,,,
HUD,Department of Housing and Urban Development,2022,,,,,,,
HUD,Department of Housing and Urban Development,2023,,,,,,,
HUD,Department of Housing and Urban Development,2024,,,,,,,
HUD,Department of Housing and Urban Development,2025,,,,,,,
DOI,Department of Interior,2020,,,,,,,
DOI,Department of Interior,2021,,,,,,,
DOI,Department of Interior,2022,,,,,,,
DOI,Department of Interior,2023,,,,,,,
DOI,Department of Interior,2024,,,,,,,
DOI,Department of Interior,2025,,,,,,,
DOJ,Department of Justice,2020,,,,,,,
DOJ,Department of Justice,2021,,,,,,,
DOJ,Department of Justice,2022,,,,,,,
DOJ,Department of Justice,2023,,,,,,,
DOJ,Department of Justice,2024,,,,,,,
DOJ,Department of Justice,2025,,,,,,,
DOL,Department of Labor,2020,,,,,,,
DOL,Department of Labor,2021,,,,,,,
DOL,Department of Labor,2022,,,,,,,
DOL,Department of Labor,2023,,,,,,,
DOL,Department of Labor,2024,,,,,,,
DOL,Department of Labor,2025,,,,,,,
DOS,Department of State,2020,,,,,,,
DOS,Department of State,2021,,,,,,,
DOS,Department of State,2022,,,,,,,
DOS,Department of State,2023,,,,,,,
DOS,Department of State,2024,,,,,,,
DOS,Department of State,2025,,,,,,,
DOT,Department of Transportation,2020,,,,,,,
DOT,Department of Transportation,2021,,,,,,,
DOT,Department of Transportation,2022,,,,,,,
DOT,Department of Transportation,2023,,,,,,,
DOT,Department of Transportation,2024,,,,,,,
DOT,Department of Transportation,2025,,,,,,,
TREAS,Department of the Treasury,2020,,,,,,,
TREAS,Department of the Treasury,2021,,,,,,,
TREAS,Department of the Treasury,2022,,,,,,,
TREAS,Department of the Treasury,2023,,,,,,,
TREAS,Department of the Treasury,2024,,,,,,,
TREAS,Department of the Treasury,2025,,,,,,,
VA,Department of Veterans Affairs,2020,2021,20.24,,,https://www.sba.gov/certifications/scorecard-details/?agency=VA&scorecard_year=2021,2026-09-27,From FY2021 scorecard prior-year column; goal not shown on that page
VA,Department of Veterans Affairs,2021,2021,23.76,3.00,8200,https://www.sba.gov/certifications/scorecard-details/?agency=VA&scorecard_year=2021,2026-09-27,"Scorecard footnote: double credit for local-area set-asides, Puerto Rico, territories; dollars $8.2B rounded"
VA,Department of Veterans Affairs,2022,2022,16.45,3.00,9300,https://www.sba.gov/certifications/scorecard-details/?agency=VA&scorecard_year=2022,2026-09-27,"Scorecard footnote: double credit for local-area set-asides, Puerto Rico, territories; dollars $9.3B rounded"
VA,Department of Veterans Affairs,2023,2023,27.16,3.00,10400,https://www.sba.gov/certifications/scorecard-details/?agency=VA&scorecard_year=2023,2026-09-27,Scorecard footnote: double credit for local-area set-asides; includes GSA CPP small-business spending; dollars $10.4B rounded
VA,Department of Veterans Affairs,2024,2024,23.63,5.0,10200,https://www.sba.gov/certifications/scorecard-details/?agency=VA&scorecard_year=2024,2026-09-27,Scorecard footnote: double credit for local-area set-asides; includes GSA CPP small-business spending; dollars $10.2B rounded
VA,Department of Veterans Affairs,2025,2025,21.68,5.00,10100,https://www.sba.gov/certifications/scorecard-details/?agency=VA&scorecard_year=2025,2026-09-27,Scorecard footnote: double credit for local-area set-asides; includes GSA CPP small-business spending; dollars $10.1B rounded
DOD,Department of Defense / Department of War,2020,,,,,,,
DOD,Department of Defense / Department of War,2021,,,,,,,
DOD,Department of Defense / Department of War,2022,,,,,,,
DOD,Department of Defense / Department of War,2023,,,,,,,
DOD,Department of Defense / Department of War,2024,,,,,,,
DOD,Department of Defense / Department of War,2025,,,,,,,
EPA,Environmental Protection Agency,2020,,,,,,,
EPA,Environmental Protection Agency,2021,,,,,,,
EPA,Environmental Protection Agency,2022,,,,,,,
EPA,Environmental Protection Agency,2023,,,,,,,
EPA,Environmental Protection Agency,2024,,,,,,,
EPA,Environmental Protection Agency,2025,,,,,,,
GSA,General Services Administration,2020,,,,,,,
GSA,General Services Administration,2021,,,,,,,
GSA,General Services Administration,2022,,,,,,,
GSA,General Services Administration,2023,,,,,,,
GSA,General Services Administration,2024,,,,,,,
GSA,General Services Administration,2025,,,,,,,
NASA,National Aeronautics and Space Administration,2020,2021,1.65,,,https://www.sba.gov/certifications/scorecard-details/?agency=NASA&scorecard_year=2021,2026-09-27,From FY2021 scorecard prior-year column; goal not shown on that page
NASA,National Aeronautics and Space Administration,2021,2021,1.59,3.00,303.0,https://www.sba.gov/certifications/scorecard-details/?agency=NASA&scorecard_year=2021,2026-09-27,"Scorecard footnote: double credit for local-area set-asides, Puerto Rico, territories"
NASA,National Aeronautics and Space Administration,2022,2022,1.46,3.00,288.5,https://www.sba.gov/certifications/scorecard-details/?agency=NASA&scorecard_year=2022,2026-09-27,"Scorecard footnote: double credit for local-area set-asides, Puerto Rico, territories"
NASA,National Aeronautics and Space Administration,2023,2023,2.34,3.00,483.7,https://www.sba.gov/certifications/scorecard-details/?agency=NASA&scorecard_year=2023,2026-09-27,Scorecard footnote: double credit for local-area set-asides; includes GSA CPP small-business spending
NASA,National Aeronautics and Space Administration,2024,2024,2.57,5.0,497.3,https://www.sba.gov/certifications/scorecard-details/?agency=NASA&scorecard_year=2024,2026-09-27,Scorecard footnote: double credit for local-area set-asides; includes GSA CPP small-business spending
NASA,National Aeronautics and Space Administration,2025,2025,2.26,5.00,470.4,https://www.sba.gov/certifications/scorecard-details/?agency=NASA&scorecard_year=2025,2026-09-27,Scorecard footnote: double credit for local-area set-asides; includes GSA CPP small-business spending
NSF,National Science Foundation,2020,,,,,,,
NSF,National Science Foundation,2021,,,,,,,
NSF,National Science Foundation,2022,,,,,,,
NSF,National Science Foundation,2023,,,,,,,
NSF,National Science Foundation,2024,,,,,,,
NSF,National Science Foundation,2025,,,,,,,
NRC,Nuclear Regulatory Commission,2020,,,,,,,
NRC,Nuclear Regulatory Commission,2021,,,,,,,
NRC,Nuclear Regulatory Commission,2022,,,,,,,
NRC,Nuclear Regulatory Commission,2023,,,,,,,
NRC,Nuclear Regulatory Commission,2024,,,,,,,
NRC,Nuclear Regulatory Commission,2025,,,,,,,
OPM,Office of Personnel Management,2020,,,,,,,
OPM,Office of Personnel Management,2021,,,,,,,
OPM,Office of Personnel Management,2022,,,,,,,
OPM,Office of Personnel Management,2023,,,,,,,
OPM,Office of Personnel Management,2024,,,,,,,
OPM,Office of Personnel Management,2025,,,,,,,
SBA,Small Business Administration,2020,,,,,,,
SBA,Small Business Administration,2021,,,,,,,
SBA,Small Business Administration,2022,,,,,,,
SBA,Small Business Administration,2023,,,,,,,
SBA,Small Business Administration,2024,,,,,,,
SBA,Small Business Administration,2025,,,,,,,
SSA,Social Security Administration,2020,,,,,,,
SSA,Social Security Administration,2021,,,,,,,
SSA,Social Security Administration,2022,,,,,,,
SSA,Social Security Administration,2023,,,,,,,
SSA,Social Security Administration,2024,,,,,,,
SSA,Social Security Administration,2025,,,,,,,
